-- phpMyAdmin SQL Dump
-- version 5.1.1
-- https://www.phpmyadmin.net/
--
-- Host: 127.0.0.1
-- Generation Time: Nov 18, 2021 at 03:47 PM
-- Server version: 10.4.21-MariaDB
-- PHP Version: 8.0.10

SET SQL_MODE = "NO_AUTO_VALUE_ON_ZERO";
START TRANSACTION;
SET time_zone = "+00:00";


/*!40101 SET @OLD_CHARACTER_SET_CLIENT=@@CHARACTER_SET_CLIENT */;
/*!40101 SET @OLD_CHARACTER_SET_RESULTS=@@CHARACTER_SET_RESULTS */;
/*!40101 SET @OLD_COLLATION_CONNECTION=@@COLLATION_CONNECTION */;
/*!40101 SET NAMES utf8mb4 */;

--
-- Database: `data_ishine`
--

-- --------------------------------------------------------

--
-- Table structure for table `binh_luan`
--

CREATE TABLE `binh_luan` (
  `ID_hang_hoa` int(11) NOT NULL,
  `Ten_hang_hoa` varchar(50) NOT NULL,
  `user` varchar(50) NOT NULL,
  `date` varchar(50) NOT NULL,
  `noi_dung` varchar(20) NOT NULL
) ENGINE=InnoDB DEFAULT CHARSET=utf8mb4;

--
-- Dumping data for table `binh_luan`
--

INSERT INTO `binh_luan` (`ID_hang_hoa`, `Ten_hang_hoa`, `user`, `date`, `noi_dung`) VALUES
(18, '	YEEZY BOOST 350V2 ASH PEARL', 'admin', '04-11-2021', 'Giày đẹp lắm shop <3'),
(18, '	YEEZY BOOST 350V2 ASH PEARL', 'trong24', '04-11-2021', 'Good shoe!');

-- --------------------------------------------------------

--
-- Table structure for table `brand`
--

CREATE TABLE `brand` (
  `ID` int(11) NOT NULL,
  `ten_loai` varchar(50) NOT NULL
) ENGINE=InnoDB DEFAULT CHARSET=utf8mb4;

--
-- Dumping data for table `brand`
--

INSERT INTO `brand` (`ID`, `ten_loai`) VALUES
(16, 'Blazer'),
(17, 'Nike'),
(25, 'Bitis'),
(35, 'Adidas'),
(50, 'Converse'),
(65, 'MLB'),
(95, 'Pegasus'),
(98, 'Jordan');

-- --------------------------------------------------------

--
-- Table structure for table `don_hang`
--

CREATE TABLE `don_hang` (
  `ma_don` int(11) NOT NULL,
  `user` varchar(20) NOT NULL,
  `date` date NOT NULL,
  `tinh_trang` int(20) NOT NULL,
  `ho_va_ten` varchar(50) NOT NULL,
  `So_dien_thoai` varchar(50) NOT NULL,
  `email` varchar(50) NOT NULL,
  `Dia_chi` varchar(50) NOT NULL
) ENGINE=InnoDB DEFAULT CHARSET=utf8mb4;

--
-- Dumping data for table `don_hang`
--

INSERT INTO `don_hang` (`ma_don`, `user`, `date`, `tinh_trang`, `ho_va_ten`, `So_dien_thoai`, `email`, `Dia_chi`) VALUES
(123, 'trong24', '2021-11-11', 2, 'Nguyen Van Trong', '0123456789', 'trong@gmail.com', 'KTX khu A, Linh Trung, Thủ Đức');

-- --------------------------------------------------------

--
-- Table structure for table `hang_hoa`
--

CREATE TABLE `hang_hoa` (
  `id` int(11) NOT NULL,
  `brand` int(11) NOT NULL,
  `ten_hh` varchar(50) NOT NULL,
  `hinh` varchar(50) NOT NULL,
  `don_gia` int(11) NOT NULL,
  `giam_gia` int(11) NOT NULL,
  `mo_ta` varchar(500) NOT NULL
) ENGINE=InnoDB DEFAULT CHARSET=utf8mb4;

--
-- Dumping data for table `hang_hoa`
--

INSERT INTO `hang_hoa` (`id`, `brand`, `ten_hh`, `hinh`, `don_gia`, `giam_gia`, `mo_ta`) VALUES
(126, 25, 'Bitis Hunter Nameless Edition x Công Trí', 'namelessedition.jpg', 1490000, 0, 'Các sản phẩm của THE CLOSER thích hợp sử dụng trong mọi thời tiết và địa hình, đặc biệt là trong những ngày mưa. Phần đế được ép nhiệt nên cực bền sau thời gian sử dụng, kết hợp với da công nghiệp tạo ra kiểu dáng trẻ trung sang trọng đem lại sự hài lòng tuyệt đối cho quý khách hàng.'),
(153, 25, 'Bitis Hunter Street x Vietmax 2020 - BST HaNoi Cu', 'vietmaxhanoi.jpg', 899000, 0, 'Các sản phẩm của THE CLOSER thích hợp sử dụng trong mọi thời tiết và địa hình, đặc biệt là trong những ngày mưa. Phần đế được ép nhiệt nên cực bền sau thời gian sử dụng, kết hợp với da công nghiệp tạo ra kiểu dáng trẻ trung sang trọng đem lại sự hài lòng tuyệt đối cho quý khách hàng.'),
(628, 25, 'Bitis Hunter Street x Vietmax-V2 2020 - BST HaNoi ', 'bitisturqouise.jpg', 899000, 0, 'Các sản phẩm của ISHINE thích hợp sử dụng trong mọi thời tiết và địa hình, đặc biệt là trong những ngày mưa. Phần đế được ép nhiệt nên cực bền sau thời gian sử dụng, kết hợp với da công nghiệp tạo ra kiểu dáng trẻ trung sang trọng đem lại sự hài lòng tuyệt đối cho quý khách hàng.'),
(417, 65, 'MLB Boston', 'MLBBOSTON.jpg', 1499999, 10, 'Các sản phẩm của ISHINE thích hợp sử dụng trong mọi thời tiết và địa hình, đặc biệt là trong những ngày mưa. Phần đế được ép nhiệt nên cực bền sau thời gian sử dụng, kết hợp với da công nghiệp tạo ra kiểu dáng trẻ trung sang trọng đem lại sự hài lòng tuyệt đối cho quý khách hàng.'),
(934, 65, 'MLB Big Ball Chunky LA Dodgers', 'giay-mlb-big-ball-chunky-la-dodgers.jpg', 3250000, 5, 'Các sản phẩm của ISHINE thích hợp sử dụng trong mọi thời tiết và địa hình, đặc biệt là trong những ngày mưa. Phần đế được ép nhiệt nên cực bền sau thời gian sử dụng, kết hợp với da công nghiệp tạo ra kiểu dáng trẻ trung sang trọng đem lại sự hài lòng tuyệt đối cho quý khách hàng.'),
(274, 17, 'Nike Air Force', 'nikeairforce.png', 1100000, 0, 'Các sản phẩm của ISHINE thích hợp sử dụng trong mọi thời tiết và địa hình, đặc biệt là trong những ngày mưa. Phần đế được ép nhiệt nên cực bền sau thời gian sử dụng, kết hợp với da công nghiệp tạo ra kiểu dáng trẻ trung sang trọng đem lại sự hài lòng tuyệt đối cho quý khách hàng.'),
(214, 17, 'Nike Air Max 1', 'nikeairmax1.png', 1210000, 0, 'Các sản phẩm của ISHINE thích hợp sử dụng trong mọi thời tiết và địa hình, đặc biệt là trong những ngày mưa. Phần đế được ép nhiệt nên cực bền sau thời gian sử dụng, kết hợp với da công nghiệp tạo ra kiểu dáng trẻ trung sang trọng đem lại sự hài lòng tuyệt đối cho quý khách hàng.'),
(593, 17, 'Nike Air Vapomax', 'nikeairvapormax.png', 1750000, 5, 'Các sản phẩm của ISHINE thích hợp sử dụng trong mọi thời tiết và địa hình, đặc biệt là trong những ngày mưa. Phần đế được ép nhiệt nên cực bền sau thời gian sử dụng, kết hợp với da công nghiệp tạo ra kiểu dáng trẻ trung sang trọng đem lại sự hài lòng tuyệt đối cho quý khách hàng.'),
(650, 35, 'Adidas Continental 80', 'adidascontinental80.png', 1200000, 0, 'Các sản phẩm của ISHINE thích hợp sử dụng trong mọi thời tiết và địa hình, đặc biệt là trong những ngày mưa. Phần đế được ép nhiệt nên cực bền sau thời gian sử dụng, kết hợp với da công nghiệp tạo ra kiểu dáng trẻ trung sang trọng đem lại sự hài lòng tuyệt đối cho quý khách hàng.'),
(166, 35, 'Adidas Cyber Punk', 'adidascyberpunk.png', 1300000, 0, 'Các sản phẩm của ISHINE thích hợp sử dụng trong mọi thời tiết và địa hình, đặc biệt là trong những ngày mưa. Phần đế được ép nhiệt nên cực bền sau thời gian sử dụng, kết hợp với da công nghiệp tạo ra kiểu dáng trẻ trung sang trọng đem lại sự hài lòng tuyệt đối cho quý khách hàng.'),
(638, 35, 'Adidas NMD R1', 'adidasnmd_r1.png', 1250000, 0, 'Các sản phẩm của ISHINE thích hợp sử dụng trong mọi thời tiết và địa hình, đặc biệt là trong những ngày mưa. Phần đế được ép nhiệt nên cực bền sau thời gian sử dụng, kết hợp với da công nghiệp tạo ra kiểu dáng trẻ trung sang trọng đem lại sự hài lòng tuyệt đối cho quý khách hàng.');

-- --------------------------------------------------------

--
-- Table structure for table `hoa_don_chi_tiet`
--

CREATE TABLE `hoa_don_chi_tiet` (
  `ma_don` int(11) NOT NULL,
  `ID_san_pham` int(11) NOT NULL,
  `ten_hang_hoa` varchar(50) NOT NULL,
  `so_luong` int(11) NOT NULL,
  `don_gia` int(11) NOT NULL,
  `giam_gia` int(11) NOT NULL
) ENGINE=InnoDB DEFAULT CHARSET=utf8mb4;

--
-- Dumping data for table `hoa_don_chi_tiet`
--

INSERT INTO `hoa_don_chi_tiet` (`ma_don`, `ID_san_pham`, `ten_hang_hoa`, `so_luong`, `don_gia`, `giam_gia`) VALUES
(123, 19, 'YEEZY BOOST 350V2 ASH PEARL', 1, 1500000, 10);

-- --------------------------------------------------------

--
-- Table structure for table `pma__bookmark`
--

CREATE TABLE `pma__bookmark` (
  `id` int(10) UNSIGNED NOT NULL,
  `dbase` varchar(255) COLLATE utf8_bin NOT NULL DEFAULT '',
  `user` varchar(255) COLLATE utf8_bin NOT NULL DEFAULT '',
  `label` varchar(255) CHARACTER SET utf8 NOT NULL DEFAULT '',
  `query` text COLLATE utf8_bin NOT NULL
) ENGINE=InnoDB DEFAULT CHARSET=utf8 COLLATE=utf8_bin COMMENT='Bookmarks';

-- --------------------------------------------------------

--
-- Table structure for table `pma__central_columns`
--

CREATE TABLE `pma__central_columns` (
  `db_name` varchar(64) COLLATE utf8_bin NOT NULL,
  `col_name` varchar(64) COLLATE utf8_bin NOT NULL,
  `col_type` varchar(64) COLLATE utf8_bin NOT NULL,
  `col_length` text COLLATE utf8_bin DEFAULT NULL,
  `col_collation` varchar(64) COLLATE utf8_bin NOT NULL,
  `col_isNull` tinyint(1) NOT NULL,
  `col_extra` varchar(255) COLLATE utf8_bin DEFAULT '',
  `col_default` text COLLATE utf8_bin DEFAULT NULL
) ENGINE=InnoDB DEFAULT CHARSET=utf8 COLLATE=utf8_bin COMMENT='Central list of columns';

-- --------------------------------------------------------

--
-- Table structure for table `pma__column_info`
--

CREATE TABLE `pma__column_info` (
  `id` int(5) UNSIGNED NOT NULL,
  `db_name` varchar(64) COLLATE utf8_bin NOT NULL DEFAULT '',
  `table_name` varchar(64) COLLATE utf8_bin NOT NULL DEFAULT '',
  `column_name` varchar(64) COLLATE utf8_bin NOT NULL DEFAULT '',
  `comment` varchar(255) CHARACTER SET utf8 NOT NULL DEFAULT '',
  `mimetype` varchar(255) CHARACTER SET utf8 NOT NULL DEFAULT '',
  `transformation` varchar(255) COLLATE utf8_bin NOT NULL DEFAULT '',
  `transformation_options` varchar(255) COLLATE utf8_bin NOT NULL DEFAULT '',
  `input_transformation` varchar(255) COLLATE utf8_bin NOT NULL DEFAULT '',
  `input_transformation_options` varchar(255) COLLATE utf8_bin NOT NULL DEFAULT ''
) ENGINE=InnoDB DEFAULT CHARSET=utf8 COLLATE=utf8_bin COMMENT='Column information for phpMyAdmin';

-- --------------------------------------------------------

--
-- Table structure for table `pma__designer_settings`
--

CREATE TABLE `pma__designer_settings` (
  `username` varchar(64) COLLATE utf8_bin NOT NULL,
  `settings_data` text COLLATE utf8_bin NOT NULL
) ENGINE=InnoDB DEFAULT CHARSET=utf8 COLLATE=utf8_bin COMMENT='Settings related to Designer';

-- --------------------------------------------------------

--
-- Table structure for table `pma__export_templates`
--

CREATE TABLE `pma__export_templates` (
  `id` int(5) UNSIGNED NOT NULL,
  `username` varchar(64) COLLATE utf8_bin NOT NULL,
  `export_type` varchar(10) COLLATE utf8_bin NOT NULL,
  `template_name` varchar(64) COLLATE utf8_bin NOT NULL,
  `template_data` text COLLATE utf8_bin NOT NULL
) ENGINE=InnoDB DEFAULT CHARSET=utf8 COLLATE=utf8_bin COMMENT='Saved export templates';

-- --------------------------------------------------------

--
-- Table structure for table `pma__favorite`
--

CREATE TABLE `pma__favorite` (
  `username` varchar(64) COLLATE utf8_bin NOT NULL,
  `tables` text COLLATE utf8_bin NOT NULL
) ENGINE=InnoDB DEFAULT CHARSET=utf8 COLLATE=utf8_bin COMMENT='Favorite tables';

-- --------------------------------------------------------

--
-- Table structure for table `pma__history`
--

CREATE TABLE `pma__history` (
  `id` bigint(20) UNSIGNED NOT NULL,
  `username` varchar(64) COLLATE utf8_bin NOT NULL DEFAULT '',
  `db` varchar(64) COLLATE utf8_bin NOT NULL DEFAULT '',
  `table` varchar(64) COLLATE utf8_bin NOT NULL DEFAULT '',
  `timevalue` timestamp NOT NULL DEFAULT current_timestamp(),
  `sqlquery` text COLLATE utf8_bin NOT NULL
) ENGINE=InnoDB DEFAULT CHARSET=utf8 COLLATE=utf8_bin COMMENT='SQL history for phpMyAdmin';

-- --------------------------------------------------------

--
-- Table structure for table `pma__navigationhiding`
--

CREATE TABLE `pma__navigationhiding` (
  `username` varchar(64) COLLATE utf8_bin NOT NULL,
  `item_name` varchar(64) COLLATE utf8_bin NOT NULL,
  `item_type` varchar(64) COLLATE utf8_bin NOT NULL,
  `db_name` varchar(64) COLLATE utf8_bin NOT NULL,
  `table_name` varchar(64) COLLATE utf8_bin NOT NULL
) ENGINE=InnoDB DEFAULT CHARSET=utf8 COLLATE=utf8_bin COMMENT='Hidden items of navigation tree';

-- --------------------------------------------------------

--
-- Table structure for table `pma__pdf_pages`
--

CREATE TABLE `pma__pdf_pages` (
  `db_name` varchar(64) COLLATE utf8_bin NOT NULL DEFAULT '',
  `page_nr` int(10) UNSIGNED NOT NULL,
  `page_descr` varchar(50) CHARACTER SET utf8 NOT NULL DEFAULT ''
) ENGINE=InnoDB DEFAULT CHARSET=utf8 COLLATE=utf8_bin COMMENT='PDF relation pages for phpMyAdmin';

-- --------------------------------------------------------

--
-- Table structure for table `pma__recent`
--

CREATE TABLE `pma__recent` (
  `username` varchar(64) COLLATE utf8_bin NOT NULL,
  `tables` text COLLATE utf8_bin NOT NULL
) ENGINE=InnoDB DEFAULT CHARSET=utf8 COLLATE=utf8_bin COMMENT='Recently accessed tables';

-- --------------------------------------------------------

--
-- Table structure for table `pma__relation`
--

CREATE TABLE `pma__relation` (
  `master_db` varchar(64) COLLATE utf8_bin NOT NULL DEFAULT '',
  `master_table` varchar(64) COLLATE utf8_bin NOT NULL DEFAULT '',
  `master_field` varchar(64) COLLATE utf8_bin NOT NULL DEFAULT '',
  `foreign_db` varchar(64) COLLATE utf8_bin NOT NULL DEFAULT '',
  `foreign_table` varchar(64) COLLATE utf8_bin NOT NULL DEFAULT '',
  `foreign_field` varchar(64) COLLATE utf8_bin NOT NULL DEFAULT ''
) ENGINE=InnoDB DEFAULT CHARSET=utf8 COLLATE=utf8_bin COMMENT='Relation table';

-- --------------------------------------------------------

--
-- Table structure for table `pma__savedsearches`
--

CREATE TABLE `pma__savedsearches` (
  `id` int(5) UNSIGNED NOT NULL,
  `username` varchar(64) COLLATE utf8_bin NOT NULL DEFAULT '',
  `db_name` varchar(64) COLLATE utf8_bin NOT NULL DEFAULT '',
  `search_name` varchar(64) COLLATE utf8_bin NOT NULL DEFAULT '',
  `search_data` text COLLATE utf8_bin NOT NULL
) ENGINE=InnoDB DEFAULT CHARSET=utf8 COLLATE=utf8_bin COMMENT='Saved searches';

-- --------------------------------------------------------

--
-- Table structure for table `pma__table_coords`
--

CREATE TABLE `pma__table_coords` (
  `db_name` varchar(64) COLLATE utf8_bin NOT NULL DEFAULT '',
  `table_name` varchar(64) COLLATE utf8_bin NOT NULL DEFAULT '',
  `pdf_page_number` int(11) NOT NULL DEFAULT 0,
  `x` float UNSIGNED NOT NULL DEFAULT 0,
  `y` float UNSIGNED NOT NULL DEFAULT 0
) ENGINE=InnoDB DEFAULT CHARSET=utf8 COLLATE=utf8_bin COMMENT='Table coordinates for phpMyAdmin PDF output';

-- --------------------------------------------------------

--
-- Table structure for table `pma__table_info`
--

CREATE TABLE `pma__table_info` (
  `db_name` varchar(64) COLLATE utf8_bin NOT NULL DEFAULT '',
  `table_name` varchar(64) COLLATE utf8_bin NOT NULL DEFAULT '',
  `display_field` varchar(64) COLLATE utf8_bin NOT NULL DEFAULT ''
) ENGINE=InnoDB DEFAULT CHARSET=utf8 COLLATE=utf8_bin COMMENT='Table information for phpMyAdmin';

-- --------------------------------------------------------

--
-- Table structure for table `pma__table_uiprefs`
--

CREATE TABLE `pma__table_uiprefs` (
  `username` varchar(64) COLLATE utf8_bin NOT NULL,
  `db_name` varchar(64) COLLATE utf8_bin NOT NULL,
  `table_name` varchar(64) COLLATE utf8_bin NOT NULL,
  `prefs` text COLLATE utf8_bin NOT NULL,
  `last_update` timestamp NOT NULL DEFAULT current_timestamp() ON UPDATE current_timestamp()
) ENGINE=InnoDB DEFAULT CHARSET=utf8 COLLATE=utf8_bin COMMENT='Tables'' UI preferences';

-- --------------------------------------------------------

--
-- Table structure for table `pma__tracking`
--

CREATE TABLE `pma__tracking` (
  `db_name` varchar(64) COLLATE utf8_bin NOT NULL,
  `table_name` varchar(64) COLLATE utf8_bin NOT NULL,
  `version` int(10) UNSIGNED NOT NULL,
  `date_created` datetime NOT NULL,
  `date_updated` datetime NOT NULL,
  `schema_snapshot` text COLLATE utf8_bin NOT NULL,
  `schema_sql` text COLLATE utf8_bin DEFAULT NULL,
  `data_sql` longtext COLLATE utf8_bin DEFAULT NULL,
  `tracking` set('UPDATE','REPLACE','INSERT','DELETE','TRUNCATE','CREATE DATABASE','ALTER DATABASE','DROP DATABASE','CREATE TABLE','ALTER TABLE','RENAME TABLE','DROP TABLE','CREATE INDEX','DROP INDEX','CREATE VIEW','ALTER VIEW','DROP VIEW') COLLATE utf8_bin DEFAULT NULL,
  `tracking_active` int(1) UNSIGNED NOT NULL DEFAULT 1
) ENGINE=InnoDB DEFAULT CHARSET=utf8 COLLATE=utf8_bin COMMENT='Database changes tracking for phpMyAdmin';

-- --------------------------------------------------------

--
-- Table structure for table `pma__userconfig`
--

CREATE TABLE `pma__userconfig` (
  `username` varchar(64) COLLATE utf8_bin NOT NULL,
  `timevalue` timestamp NOT NULL DEFAULT current_timestamp() ON UPDATE current_timestamp(),
  `config_data` text COLLATE utf8_bin NOT NULL
) ENGINE=InnoDB DEFAULT CHARSET=utf8 COLLATE=utf8_bin COMMENT='User preferences storage for phpMyAdmin';

--
-- Dumping data for table `pma__userconfig`
--

INSERT INTO `pma__userconfig` (`username`, `timevalue`, `config_data`) VALUES
('root', '2019-10-21 13:37:09', '{\"Console\\/Mode\":\"collapse\"}');

-- --------------------------------------------------------

--
-- Table structure for table `pma__usergroups`
--

CREATE TABLE `pma__usergroups` (
  `usergroup` varchar(64) COLLATE utf8_bin NOT NULL,
  `tab` varchar(64) COLLATE utf8_bin NOT NULL,
  `allowed` enum('Y','N') COLLATE utf8_bin NOT NULL DEFAULT 'N'
) ENGINE=InnoDB DEFAULT CHARSET=utf8 COLLATE=utf8_bin COMMENT='User groups with configured menu items';

-- --------------------------------------------------------

--
-- Table structure for table `pma__users`
--

CREATE TABLE `pma__users` (
  `username` varchar(64) COLLATE utf8_bin NOT NULL,
  `usergroup` varchar(64) COLLATE utf8_bin NOT NULL
) ENGINE=InnoDB DEFAULT CHARSET=utf8 COLLATE=utf8_bin COMMENT='Users and their assignments to user groups';

-- --------------------------------------------------------

--
-- Table structure for table `users`
--

CREATE TABLE `users` (
  `userID` int(11) NOT NULL,
  `username` char(128) COLLATE utf8_bin NOT NULL,
  `email` char(128) COLLATE utf8_bin NOT NULL,
  `mat_khau` char(128) COLLATE utf8_bin NOT NULL,
  `dia_chi` varchar(1000) COLLATE utf8_bin NOT NULL,
  `vai_tro` int(1) NOT NULL,
  `reset_code` int(11) DEFAULT NULL
) ENGINE=InnoDB DEFAULT CHARSET=utf8 COLLATE=utf8_bin;

--
-- Dumping data for table `users`
--

INSERT INTO `users` (`userID`, `username`, `email`, `mat_khau`, `dia_chi`, `vai_tro`, `reset_code`) VALUES
(1, 'admin', 'admin@gmail.com', '$2y$10$Ik0OzlHbEUXh1MnUlRn6guNZburSba.TMjrAaqnWccUeqIOt1tbNa', 'Hồ Chí Minh', 1, 0),
(2, 'trong24', 'trong24@gmail.com', '$2y$10$ALQhK28DUJNFcN7ZxvdvcuLt3uUDe.rwRbPEBK5m7dRBcmnBWhmza', 'Hồ Chí Minh', 0, 0),
(3, 'superIdol', 'cat.tran03@hcmut.edu.vn', '$2y$10$oZ5nCDx6d.VNjvuxhA2x3.iDuGvPastW/Rnyhe9KXLMFng5nCeIyO', 'Sao kim', 0, 0);

--
-- Indexes for dumped tables
--

--
-- Indexes for table `brand`
--
ALTER TABLE `brand`
  ADD PRIMARY KEY (`ID`);

--
-- Indexes for table `pma__bookmark`
--
ALTER TABLE `pma__bookmark`
  ADD PRIMARY KEY (`id`);

--
-- Indexes for table `pma__central_columns`
--
ALTER TABLE `pma__central_columns`
  ADD PRIMARY KEY (`db_name`,`col_name`);

--
-- Indexes for table `pma__column_info`
--
ALTER TABLE `pma__column_info`
  ADD PRIMARY KEY (`id`),
  ADD UNIQUE KEY `db_name` (`db_name`,`table_name`,`column_name`);

--
-- Indexes for table `pma__designer_settings`
--
ALTER TABLE `pma__designer_settings`
  ADD PRIMARY KEY (`username`);

--
-- Indexes for table `pma__export_templates`
--
ALTER TABLE `pma__export_templates`
  ADD PRIMARY KEY (`id`),
  ADD UNIQUE KEY `u_user_type_template` (`username`,`export_type`,`template_name`);

--
-- Indexes for table `pma__favorite`
--
ALTER TABLE `pma__favorite`
  ADD PRIMARY KEY (`username`);

--
-- Indexes for table `pma__history`
--
ALTER TABLE `pma__history`
  ADD PRIMARY KEY (`id`),
  ADD KEY `username` (`username`,`db`,`table`,`timevalue`);

--
-- Indexes for table `pma__navigationhiding`
--
ALTER TABLE `pma__navigationhiding`
  ADD PRIMARY KEY (`username`,`item_name`,`item_type`,`db_name`,`table_name`);

--
-- Indexes for table `pma__pdf_pages`
--
ALTER TABLE `pma__pdf_pages`
  ADD PRIMARY KEY (`page_nr`),
  ADD KEY `db_name` (`db_name`);

--
-- Indexes for table `pma__recent`
--
ALTER TABLE `pma__recent`
  ADD PRIMARY KEY (`username`);

--
-- Indexes for table `pma__relation`
--
ALTER TABLE `pma__relation`
  ADD PRIMARY KEY (`master_db`,`master_table`,`master_field`),
  ADD KEY `foreign_field` (`foreign_db`,`foreign_table`);

--
-- Indexes for table `pma__savedsearches`
--
ALTER TABLE `pma__savedsearches`
  ADD PRIMARY KEY (`id`),
  ADD UNIQUE KEY `u_savedsearches_username_dbname` (`username`,`db_name`,`search_name`);

--
-- Indexes for table `pma__table_coords`
--
ALTER TABLE `pma__table_coords`
  ADD PRIMARY KEY (`db_name`,`table_name`,`pdf_page_number`);

--
-- Indexes for table `pma__table_info`
--
ALTER TABLE `pma__table_info`
  ADD PRIMARY KEY (`db_name`,`table_name`);

--
-- Indexes for table `pma__table_uiprefs`
--
ALTER TABLE `pma__table_uiprefs`
  ADD PRIMARY KEY (`username`,`db_name`,`table_name`);

--
-- Indexes for table `pma__tracking`
--
ALTER TABLE `pma__tracking`
  ADD PRIMARY KEY (`db_name`,`table_name`,`version`);

--
-- Indexes for table `pma__userconfig`
--
ALTER TABLE `pma__userconfig`
  ADD PRIMARY KEY (`username`);

--
-- Indexes for table `pma__usergroups`
--
ALTER TABLE `pma__usergroups`
  ADD PRIMARY KEY (`usergroup`,`tab`,`allowed`);

--
-- Indexes for table `pma__users`
--
ALTER TABLE `pma__users`
  ADD PRIMARY KEY (`username`,`usergroup`);

--
-- Indexes for table `users`
--
ALTER TABLE `users`
  ADD UNIQUE KEY `userID` (`userID`);

--
-- AUTO_INCREMENT for dumped tables
--

--
-- AUTO_INCREMENT for table `brand`
--
ALTER TABLE `brand`
  MODIFY `ID` int(11) NOT NULL AUTO_INCREMENT, AUTO_INCREMENT=100;

--
-- AUTO_INCREMENT for table `pma__bookmark`
--
ALTER TABLE `pma__bookmark`
  MODIFY `id` int(10) UNSIGNED NOT NULL AUTO_INCREMENT;

--
-- AUTO_INCREMENT for table `pma__column_info`
--
ALTER TABLE `pma__column_info`
  MODIFY `id` int(5) UNSIGNED NOT NULL AUTO_INCREMENT;

--
-- AUTO_INCREMENT for table `pma__export_templates`
--
ALTER TABLE `pma__export_templates`
  MODIFY `id` int(5) UNSIGNED NOT NULL AUTO_INCREMENT;

--
-- AUTO_INCREMENT for table `pma__history`
--
ALTER TABLE `pma__history`
  MODIFY `id` bigint(20) UNSIGNED NOT NULL AUTO_INCREMENT;

--
-- AUTO_INCREMENT for table `pma__pdf_pages`
--
ALTER TABLE `pma__pdf_pages`
  MODIFY `page_nr` int(10) UNSIGNED NOT NULL AUTO_INCREMENT;

--
-- AUTO_INCREMENT for table `pma__savedsearches`
--
ALTER TABLE `pma__savedsearches`
  MODIFY `id` int(5) UNSIGNED NOT NULL AUTO_INCREMENT;

--
-- AUTO_INCREMENT for table `users`
--
ALTER TABLE `users`
  MODIFY `userID` int(11) NOT NULL AUTO_INCREMENT, AUTO_INCREMENT=4;
COMMIT;

/*!40101 SET CHARACTER_SET_CLIENT=@OLD_CHARACTER_SET_CLIENT */;
/*!40101 SET CHARACTER_SET_RESULTS=@OLD_CHARACTER_SET_RESULTS */;
/*!40101 SET COLLATION_CONNECTION=@OLD_COLLATION_CONNECTION */;
